Location	Reddit	MTBS	Dev Forums	url	email	twitter	Notes
new Spanaway, WA		IgameArt					
Charlotte, NC, USA	drewbdoo						
Perpignan, France		Fredz					
Berkeley, CA, USA		itinerati					
Murcia (Spain)				www.realovirtual.com			
Adelaide, Australia		2EyeGuy					
Großheide, Deutschland				indienerds.com and use the contact form			
Brighton, UK		TheHolyChicken					
Praha, Czech Republic		knuf					
Koln, Germany		Popopinsel					
London (SW), UK		zella					
Nashua, NH, USA		slangarang					
Philadelpia, PA, USA				http://www.cipherprime.com/devnight			
Aalborg, Denmark					rasmus@awesomeblade.com		
Tulsa, Oklahoma, USA		oculusfan					
Rotherham, UK		sunvsmoon					
San Jose, CA, USA	DJChocoKay						
Bristol, UK	WormSlayer						
Melbourne, Australia		bobjwatts					
Melbourne, Australia		Linkage1992				Linkage1992	
Brest, France		V8Griff					
Svirsk, Russia	acous						
Waterloo, Canada					Dustin.Gadal@gmail.com		
Edinburgh, UK		mm0zct					very early kickstarter backer, might be able to arrange some Rift demos for mtbs3d members and local students once my kit arrives. Will probably organise something through the local gamesoc or gamedevsoc student societies.
Waterloo, Ontario, Canada					j3parker@csclub.uwaterloo.ca		
Santa Barbara, CA		defactoman					
Toronto, Canada				http://artofze.wix.com/portfolio			
Boras, Sweden						zuric	
London N1, UK					szerintedmi@gmail.com		
Zurich area, Switzerland					hitschaer@hotmail.com		
Paris, France	OlivierJT					olivierJT_SU	
Sofia, Bulgaria				http://3dvision-blog.com			
Perth, Australia				http://forums.whirlpool.net.au/user/166955			
Colonge (Koln), Germany						Graphicated	
Buenos Aires, Argentina					fritopendejo69@gmail.com		
Lima, Peru					ciberedu125@hotmail.com		
Essen, Germany		cert					
Greenbelt, MD, USA		rmcclelland					
Milan, Italy		Bloump					
Savannah, GA, USA		Aeroflux					
Passavant-la-Rochere, France				http://mushroomtomatoes.com/contact-us/			
Johannesburg, South Africa				http://steamcommunity.com/id/ReT_ 			
Hannover, Germany					delta01@gmx.net		
Korea		wavefunction					
Rennes, France					LarrxX [at] free [dot] fr		
Brighton, UK		Unclebob					
Hua Hin, Thailand					brian.gilman@gmail.com		
Gorokan, Central Coast NSW, Australia					admin@onlinepc.com.au		
Tampere, Finland				http://www.5w.fi			
Banska Bystrica, Slovakia				http://steamcommunity.com/id/baggyg/			
St. Johns, Newfoundland, Canada					jasonmw_nf@hotmail.com		
Trondheim, Norway					oculus@inv.no		
Toronto, Canada				http://artofze.wix.com/portfolio			
Kirkland, Washington					aurel@cinderflame.com		
Dundee, UK					jameshend200@gmail.com		
New Zealand					7iaTa7 (at) gmail.com.		
Eindhoven, The Netherlands				http://www.greenhousegroup.nl/			
Bremen, Germany					info@vorpx.com		
Toronto, Canada		Fieno					
Witten, Germany					ravnd@gmx.de		
Lindóia, Brasil		rwurdig			qsek@adminmap.de		
Regensburg, Germany							
St. Paul, MN, USA	shalarn						
Alkmaar, The Netherlands					jordibruin@gmail.com		
Montpellier, France				http://coswos.fr			
Lawrence, Massachusetts, USA					Y.vanderhost@gmail.com		
Centro de Arte y Diseño Digital, Mexico City, Mexico				https://plus.google.com/111381480352998064371/about?hl=nl			
New Berlin WI, USA	Guygasm						
Utrecht, The Netherlands		mahler					
Detroit, Michigan, USA	norfolkpine						
Chattanooga, TN, USA	balgarath						
Rochester, NY, USA	Timeisfading						
Waterloo, Ontario, Canada	david_duplex						
Miami, Florida	ZombiesGonnaZomb						
London (East), UK				www.oculushut.com			
Fayetteville, NC, USA				http://sharpandpointy.com/			
Kuopio, Finland					sampsa.kuha@gmail.com		
Kirchheim unter Teck, Germany					carnivale@uni.de		
Verdun, France					buffer.noah@gmail.com		
Montreal, Canada	squibbfire						
Blois, France					buffer.noah@gmail.com		
Twin Cities MN, USA	smokeey69						
Alpharetta, GA, USA						yanekm	
Kharkiv, Ukraine				http://steamcommunity.com/id/2garinz			
Minneapolis, MN, USA	Oglossy						
88046 Friedrichshafen, Germany	RoTaToR1979	RoTaToR	RoTaToR1979				
London, UK		EdZ					
Praha, Czech Republic		3dcoffee					
Oslo, Norway		toresbe			toresbe@gmail.com 		
Albert, France		cTool					
Sydney, Australia				thinkVR.com			
Lillestrøm, Norway		ZeRax					
Poznan, Poland		Sadhu					
Birmingham, UK		Plagued					
Turku, Finland					niklas@ticbits.com		
Helsinki, Finland					jouni.ilmari.hyttinen@gmail.com		
Scottsdale, AZ, USA					sociocd@gmail.com		
Erith, UK		Rickardo69					
Beaconsfield, UK			Blueshock				
Tallinn, Estonia					hyppotracer@gmail.com		
Las Vegas, NV, USA						VoodooPuppy	
Cape Town, South Africa	bboyZA						
HTW, Berlin, Germany					s0528597@htw-berlin.de		
Busan, South Korea		tcboy88					
Bruchsal, Germany			5cripto				
Norristown, PA, USA					nbrown1@gmail.com		
Cedar Rapids, IA, USA				https://www.youtube.com/user/YubinHydin			
Nuremberg, Germany	smallfried						
Cardiff, UK	snowcr4shed						
Storuman, Sweden					StorumanUK@gmail.com		
Einsiedeln, Switzerland					rift@arsaneus-design.com		
Stavanger, Norway		LittleMe02			littleme02@gmail.com		
Peel/Notre-Dame, Montreal, Canada					jacob@mirametrix.com		
Tarragona, Spain		morgg					
Dallas, TX, USA						Morbius41	
Salzburg, Austria					fafnir@derpymail.org		
Wabrzezno, Poland		Lengyel					
Vordingborg, Denmark					saintmain@hotmail.com		
Kirrlach, Germany			JOHIsaac	http://www.youtube.com/user/JOHIsaac			
Plymouth, UK	mantz183						
Graz, Austria					meet-the-rift@seliqui.at		
Buenos Aires, Argentina					g33kz0rd@gmail.com		
San Luis Obispo, CA, USA					ibminarik@yahoo.com		
Mackay, Australia	geckoslayer						
New York, NY, USA	sfcl33t						
Austin, TX, USA					jareduarunorudu@gmail.com		
Grimstad, Norway				www.roskilde-experience.com			
Rivoli, Italia					bozzu7710@libero.it		
Madrid, Spain		FuegoNegro					
Karlsruhe, Germany			Jonek				
Ghent, Belgium						Schwarzie2478	
Adelaide, Australia	EcHo_74						
Velletri,Italy					pindan@inwind.it		
Lane Cove, Sydney, Australia	Namarrgon	Namarrgon					
Middlesbrough, UK							variasam on Steam
Cincinnati, OH, USA		beavermatic			beavermatic@gmail.com		
London, UK		Nick = Mickman					
Washington, D.C., DC, USA		brainpann					
Los Angeles, CA, USA					info@projectholodeck 		
Carlsbad, NM, USA		lordbinky					
Mol, Belgium	blobkat						
Newcastle-under-Lyme, Staffordshire, UK		Lurch666					
Maidenhead UK						digitaljohnuk	
London, UK			Prowl			prowlmedia	
Singapore		secluded_steep					
Blåsut, Stockholm					xephroth@gmail.com		
Visby, Gotland, Sweden					nhansson@gmail.com		
Delft, Netherlands	Clavus						
Sao Paolo, Brasil					capyvara@gmail.com		
Galway City, Ireland	acous						
Greenville, NC, USA	dasbufort						
Orebro, Sweden					xanahl@gmail.com		
Misawa AB, Japan 		Firehazard159					
Fort Worth, Texas	Malfate	Malfate			cs.krushin@gmail.com		
Tralee, Ireland	apieceoffruit						
Dublin, Ireland	illobo						
Clermont Ferrand, France					mike at lepton . Fr		
Wroclaw, Poland			7hny				
Helsinki, Finland					daniel.heikkinen@outlook.com		
Riverhead, NY, USA					wesleymbennett@gmail.com		
Fayetteville, NC, USA			blackplastick				
Krakow, Poland		murkymurmur			murkymurmurs at gmail.com		
Bristol, UK	PhonicUK						
Sunset District, San Francisco, CA	webrender						
Gembloux, Belgium					mr_croa@hotmail.com		
Moscow, Russia					cleoag@gmail.com		
Bangalore, India					ajith2606@gmail.com		
Tübingen, Germany	mithraw				qualityassurance@twilekslaves.com		
Tianjin, China	Jinniu						
Nevers, France							Dashtheonly" on 
Teesside, Middlesbrough, UK				www.undercurrentgame.co.uk	undercurrentgame@gmail.com		
Perm Russia				http://vk.com/permoculuS			
Oslo, Norway					karlperemil@gmail.com		
Tokyo, Japan		Butters					
New Haven, CT, USA					Greg@Imagimindstudios.com		
Dusseldorf, Germany	Guglhupf						
Oceanside CA, USA	Jaynen00						
Regent Park area, Toronto, Ontario, Canada	brianpeiris					brianpeiris	
Trondheim, Norway					Agrold1@gmail.com		
St. Louis, MO					jcasino@smnpm.com		
Haverfordwest, Wales					icu812@hotmail.co.uk		
Santa Monica, Los Angeles, CA, USA	iFap4DaytonaCoupes				bworthen@umail.iu.edu		
Da Qing, China					nikkmitchell@gmail.com		
Mandaluyong City, Philippines	rpc72						
Saginaw, MI, USA					iam.john.riordan@gmail.com		
Eatontown, NJ	quantum_guy						
Calgary, Canada					ms.freemind[at]gmail.com		
Farmingdale, NJ, USA	Evildeliverance						
Bodø, Norway	rift-demo@skivika.priv.no						
Delta, BC, Canada					smgrayhunter@gmail.com		
Hamilton, Canada	Habbert						
Alexandria, VA		Tbone	Tbone				
Ottawa, Canada	Bossit						
Baden, Austria					dbgtmaster@gmx.net		
St Andrews, UK				http://cjd44.host.cs.st-andrews.ac.uk/			
Magdeburg, Germany					hoschy1987@gmail.com		
Louisville, KT, USA					Louisvilliany@gmail.com		
Russellville, AR, USA				daviscomputerworks.com/contact-us			
Cagliari, Sardinia/Italy					cg3lab@gmail.com		
A Coruña, Spain						mitheor	
Bern, Switzerland					rift@atizo.com		
Worcester, UK					yellowgeeks@gmail.com		
Sutton, Surrey, UK						king_tut1	
Grande Prairie, Alberta, Canada					jason.fehr@gmail.com		
Delft, The Netherlands					totalvamp@gmail.com		
Miranda de Ebro, Spain		Eman					
Beepart community Center, Vilnius, Lithuania		Vrus					
Ciudad Real, Spain					.com		
Lund, Sweden					klas.hermodsson@sonymobile.com		
Issoire, France					appkinect@gmail.com		
Las Vegas, NV, USA						VoodooPuppy	
Winter Haven, FL, USA	thordh5						
Vodskov, Denmark				https://www.facebook.com/jesper.rossen.7			
Winter Park (Orlando), FL, USA					erictrose@gmail.com		
Bensheim, Germany	rom81						
Germering, Germany	jtinz						
Darmstadt, Germany.				http://www.youtube.com/user/FUNtasticOne			
Lebring / Austria				worldgrafx.com			RICHARD REINISCH over website
Merritt Island, FL				www.wsra.com			
Bournemouth, UK						justincc	
Grande Prairie, AB. Canada					jason.fehr@gmail.com		
Berlin, Germany					chefdomi@web.de 		
Ames, Iowa, U.S.A.	Yiggs				glasnoct@gmail.com		
Calumet, Michigan	Dreamliss						
Annapolis Valley, Nova Scotia			onepoint21			easyrunnerca	
Benalmádena, Spain						killgt	
Calgary, Canada					info@onsitecomputers.ca		
Käfertal, Mannheim, Germany					adrian@klonmaschine.de		
Saginaw, MI, USA					iam.john.riordan@gmail.com		
Brantford, Canada	bradzal				bradzal@live.com 		
Bloomington, Indiana, U.S	ripripperton						
Memphis, TN	gilescorey10				millesolix@gmail.com		
Slave Lake, Canada					stutterstepper@outlook.com		
Rohnert Park, CA					a.leonard.tech@gmail.com		
Berkeley, California	lizaverta				liz@berkeley.edu		
Sydney, Australia	J54Coops						
Trondheim – Norway					andreas.l.selvik@gmail.com		
West Des Moines, IA, USA					john@blueskiesenglish.com		
Metz, France					seb.trignac@gmail.com				
Canberra, Australia					aaron.isnt@gmail.com		
Erlenstegen, Nuremberg, Germany			mrjazz				
38A Vincent Street Cessnock Australia					rift@comptronics.com.au		
Stillorgan area, dublin, ireland	Cheesydude						
Edmonton, Canada					spitefulevogreg@gmail.com		
Austin, TX, USA					jareduarunorudu@gmail.com		
Nedlands , Perth, Australia					talaii@gmail.com		
Einsiedeln, Switzerland					rift@arsaneus-design.com		
Spanish Fork, UT USA					dwood15@gmail.com		
Hasselt, Belgium					buffer.noah@gmail.com		
St. Louis, MO					jcasino@smnpm.com		
台灣, 桃園					.com		
Perto do metro brigadeiro					diego@dafti.net		
Albany, Australia					baileyfield97@gmail.com		
Singapore					cj.dusk@gmail.com		
Berkeley, California					dcoetzee@berkeley.edu		
Salzburg, Austria					fafnir@derpymail.org		
Murcia (Spain)				www.realovirtual.com			
Tulsa, OK	Yoder_						
San Francisco, CA					amblix@gmail.com		
Anchorage, AL, USA					covert@gmail.com 		
Brasilia, Brazil					fernandokerst@gmail.com 		
Seattle, WA, USA					jordandandersen@gmail.com		
Salt Lake City, UT					m0v0nage@gmail.com		
Düsseldorf , Germany					xelakon@live.de		
Zaporizhzhya, Ukraine					dayset@gmail.com		
Plymouth, UK	aDFP						
Tralee, Ireland	apieceoffruit						
Madison, WI					gap.space@gmail.com		
Abbotsford, BC					dariusfrick@gmail.com		
Platteville WI					tseichter@gmail.com		
Saginaw, MI, USA					iam.john.riordan@gmail.com		
Wigan, UK	Mephisto_8						
Singapore					mark.yisheng@gmail.com		
Stockholm, Sweden					daniel_kk9012@hotmail.com		
Velletri,Italy					pindan@inwind.it		
Calumet, Michigan	Dreamliss						
Benalmádena, Spain						killgt	
Calgary, Canada					info@onsitecomputers.ca		
Brantford, Canada	bradzal				bradzal@live.com 		
Bloomington, Indiana, U.S	ripripperton						
Memphis, TN	gilescorey10				millesolix@gmail.com		
Metz, France					seb.trignac@gmail.com		
Chicago, WI, USA					kenman884@yahoo.com		
Canberra, Australia					aaron.isnt@gmail.com		
Erlenstegen, Nuremberg, Germany			mrjazz				
San Francisco, CA	dimdog						
Canberra, Australia					mark@darkfield-vr.com		
Taupo, New Zealand	Rodgerthat7				rdnairn+rift@gmail.com		
Fort Walton Beach	ficarra1002						
